{"cameraMode":{"drawMode":2,"name":"Shaded Wireframe","section":"Shading Mode"},"sceneLighting":true,"audioPlay":false,"sceneViewState":{"showFog":true,"showMaterialUpdate":false,"showSkybox":false,"showFlares":true,"showImageEffects":true,"showParticleSystems":true},"in2DMode":false,"pivot":{"x":-3.3602654933929445,"y":3.184866428375244,"z":28.806293487548829},"rotation":{"x":-0.052411191165447238,"y":0.11865030974149704,"z":-0.00627170130610466,"w":-0.9915322661399841},"size":51.667083740234378,"orthographic":false}