{"cameraMode":{"drawMode":2,"name":"Shaded Wireframe","section":"Shading Mode"},"sceneLighting":true,"audioPlay":false,"sceneViewState":{"showFog":true,"showMaterialUpdate":false,"showSkybox":false,"showFlares":true,"showImageEffects":true,"showParticleSystems":true},"in2DMode":false,"pivot":{"x":-0.1599999964237213,"y":5.793828010559082,"z":39.0},"rotation":{"x":-0.052411191165447238,"y":0.11865030974149704,"z":-0.00627170130610466,"w":-0.9915322661399841},"size":2.6601884365081789,"orthographic":false}